{
  "peers": [
    {
      "discovery_host": "1fab92fc0406437fac18c6e171ad284a-vp0.us.blockchain.ibm.com",
      "discovery_port": 30004,
      "api_host": "1fab92fc0406437fac18c6e171ad284a-vp0.us.blockchain.ibm.com",
      "api_port_tls": 5004,
      "api_port": 5004,
      "event_host": "1fab92fc0406437fac18c6e171ad284a-vp0.us.blockchain.ibm.com",
      "event_port": 31004,
      "type": "peer",
      "network_id": "1fab92fc0406437fac18c6e171ad284a",
      "container_id": "e228a2c1664e01073222ffb90b7412e2024fb6bc756b50e37ab875080f3d4e49",
      "id": "1fab92fc0406437fac18c6e171ad284a-vp0",
      "api_url": "http://1fab92fc0406437fac18c6e171ad284a-vp0.us.blockchain.ibm.com:5004"
    },
    {
      "discovery_host": "1fab92fc0406437fac18c6e171ad284a-vp3.us.blockchain.ibm.com",
      "discovery_port": 30004,
      "api_host": "1fab92fc0406437fac18c6e171ad284a-vp3.us.blockchain.ibm.com",
      "api_port_tls": 5004,
      "api_port": 5004,
      "event_host": "1fab92fc0406437fac18c6e171ad284a-vp3.us.blockchain.ibm.com",
      "event_port": 31004,
      "type": "peer",
      "network_id": "1fab92fc0406437fac18c6e171ad284a",
      "container_id": "cf2ec60d14b4db0d6e8b4e6d5a685d5dabbdc64711d9427c82bbb886896f4931",
      "id": "1fab92fc0406437fac18c6e171ad284a-vp3",
      "api_url": "http://1fab92fc0406437fac18c6e171ad284a-vp3.us.blockchain.ibm.com:5004"
    },
    {
      "discovery_host": "1fab92fc0406437fac18c6e171ad284a-vp1.us.blockchain.ibm.com",
      "discovery_port": 30004,
      "api_host": "1fab92fc0406437fac18c6e171ad284a-vp1.us.blockchain.ibm.com",
      "api_port_tls": 5004,
      "api_port": 5004,
      "event_host": "1fab92fc0406437fac18c6e171ad284a-vp1.us.blockchain.ibm.com",
      "event_port": 31004,
      "type": "peer",
      "network_id": "1fab92fc0406437fac18c6e171ad284a",
      "container_id": "6be09b2511cc3a28b21cb54b85b8c52ef88e587a79e40655664f9c97394fb547",
      "id": "1fab92fc0406437fac18c6e171ad284a-vp1",
      "api_url": "http://1fab92fc0406437fac18c6e171ad284a-vp1.us.blockchain.ibm.com:5004"
    },
    {
      "discovery_host": "1fab92fc0406437fac18c6e171ad284a-vp2.us.blockchain.ibm.com",
      "discovery_port": 30004,
      "api_host": "1fab92fc0406437fac18c6e171ad284a-vp2.us.blockchain.ibm.com",
      "api_port_tls": 5004,
      "api_port": 5004,
      "event_host": "1fab92fc0406437fac18c6e171ad284a-vp2.us.blockchain.ibm.com",
      "event_port": 31004,
      "type": "peer",
      "network_id": "1fab92fc0406437fac18c6e171ad284a",
      "container_id": "f3279c01a0dd6e314b039f250327d1198e446711cb275b7c138b96d9aad2117a",
      "id": "1fab92fc0406437fac18c6e171ad284a-vp2",
      "api_url": "http://1fab92fc0406437fac18c6e171ad284a-vp2.us.blockchain.ibm.com:5004"
    }
  ],
  "ca": {
    "1fab92fc0406437fac18c6e171ad284a-ca": {
      "url": "1fab92fc0406437fac18c6e171ad284a-ca.us.blockchain.ibm.com:30004",
      "discovery_host": "1fab92fc0406437fac18c6e171ad284a-ca.us.blockchain.ibm.com",
      "discovery_port": 30004,
      "api_host": "1fab92fc0406437fac18c6e171ad284a-ca.us.blockchain.ibm.com",
      "api_port_tls": 30004,
      "api_port": 30004,
      "type": "ca",
      "network_id": "1fab92fc0406437fac18c6e171ad284a",
      "container_id": "3888f74d1d65393fb79f057420572e5139b14bc482031214031051cae457a02e"
    }
  },
  "users": [
    {
      "enrollId": "admin",
      "enrollSecret": "03b80fab24",
      "affiliation": "group1",
      "username": "admin",
      "secret": "03b80fab24"
    },
    {
      "enrollId": "WebAppAdmin",
      "enrollSecret": "cadca5af44",
      "affiliation": "group1",
      "username": "WebAppAdmin",
      "secret": "cadca5af44"
    },
    {
      "enrollId": "user_type1_0",
      "enrollSecret": "d80926cbc5",
      "affiliation": "group1",
      "username": "user_type1_0",
      "secret": "d80926cbc5"
    },
    {
      "enrollId": "user_type1_1",
      "enrollSecret": "9a7fca8c40",
      "affiliation": "group1",
      "username": "user_type1_1",
      "secret": "9a7fca8c40"
    },
    {
      "enrollId": "user_type1_2",
      "enrollSecret": "06b049d4b6",
      "affiliation": "group1",
      "username": "user_type1_2",
      "secret": "06b049d4b6"
    },
    {
      "enrollId": "user_type1_3",
      "enrollSecret": "a6b08970c8",
      "affiliation": "group1",
      "username": "user_type1_3",
      "secret": "a6b08970c8"
    },
    {
      "enrollId": "user_type1_4",
      "enrollSecret": "2824d0254f",
      "affiliation": "group1",
      "username": "user_type1_4",
      "secret": "2824d0254f"
    },
    {
      "enrollId": "user_type2_0",
      "enrollSecret": "24f141c9b9",
      "affiliation": "group1",
      "username": "user_type2_0",
      "secret": "24f141c9b9"
    },
    {
      "enrollId": "user_type2_1",
      "enrollSecret": "2ec6c4525f",
      "affiliation": "group1",
      "username": "user_type2_1",
      "secret": "2ec6c4525f"
    },
    {
      "enrollId": "user_type2_2",
      "enrollSecret": "653367a759",
      "affiliation": "group1",
      "username": "user_type2_2",
      "secret": "653367a759"
    },
    {
      "enrollId": "user_type2_3",
      "enrollSecret": "068abe6557",
      "affiliation": "group1",
      "username": "user_type2_3",
      "secret": "068abe6557"
    },
    {
      "enrollId": "user_type2_4",
      "enrollSecret": "8b9d59701c",
      "affiliation": "group1",
      "username": "user_type2_4",
      "secret": "8b9d59701c"
    },
    {
      "enrollId": "user_type4_0",
      "enrollSecret": "ee0b35317c",
      "affiliation": "group1",
      "username": "user_type4_0",
      "secret": "ee0b35317c"
    },
    {
      "enrollId": "user_type4_1",
      "enrollSecret": "3ed2b5f628",
      "affiliation": "group1",
      "username": "user_type4_1",
      "secret": "3ed2b5f628"
    },
    {
      "enrollId": "user_type4_2",
      "enrollSecret": "b0f29ddfdb",
      "affiliation": "group1",
      "username": "user_type4_2",
      "secret": "b0f29ddfdb"
    },
    {
      "enrollId": "user_type4_3",
      "enrollSecret": "fd490cabb7",
      "affiliation": "group1",
      "username": "user_type4_3",
      "secret": "fd490cabb7"
    },
    {
      "enrollId": "user_type4_4",
      "enrollSecret": "daca92f5a6",
      "affiliation": "group1",
      "username": "user_type4_4",
      "secret": "daca92f5a6"
    },
    {
      "enrollId": "user_type8_0",
      "enrollSecret": "1e09a05b69",
      "affiliation": "group1",
      "username": "user_type8_0",
      "secret": "1e09a05b69"
    },
    {
      "enrollId": "user_type8_1",
      "enrollSecret": "0c0f343cc8",
      "affiliation": "group1",
      "username": "user_type8_1",
      "secret": "0c0f343cc8"
    },
    {
      "enrollId": "user_type8_2",
      "enrollSecret": "b355ed6be6",
      "affiliation": "group1",
      "username": "user_type8_2",
      "secret": "b355ed6be6"
    },
    {
      "enrollId": "user_type8_3",
      "enrollSecret": "9ed5edef9d",
      "affiliation": "group1",
      "username": "user_type8_3",
      "secret": "9ed5edef9d"
    },
    {
      "enrollId": "user_type8_4",
      "enrollSecret": "b4a93a8d0b",
      "affiliation": "group1",
      "username": "user_type8_4",
      "secret": "b4a93a8d0b"
    }
  ],
  "cert": "https://blockchain-certs.mybluemix.net/us.blockchain.ibm.com.cert",
  "cert_path": "/certs/peer/cert.pem"
}